cleaned_review,emotion
way plug us unless go converter,negative
good case excellent value,positive
great jawbone,positive
mic great,positive
jiggle plug get line right get decent volume,negative
several dozen several hundred contacts imagine fun sending one one,negative
needless say wasted money,negative
waste money time,negative
sound quality great,positive
impressed going original battery extended battery,positive
two seperated mere 5 ft started notice excessive static garbled sound headset,negative
design odd ear clip comfortable,negative
highly recommend one blue tooth phone,positive
far good,positive
works great,positive
clicks place way makes wonder long mechanism would last,negative
went motorolas website followed directions could get pair,negative
commercials misleading,negative
yet run new battery two bars thats three days without charging,positive
bought mother problem battery,negative
great pocket pc phone combination,positive
ive owned phone 7 months say best mobile phone ive,positive
didnt think instructions provided helpful,negative
people couldnt hear talk pull earphone talk phone,negative
doesnt hold charge,negative
simple little phone use breakage unacceptible,negative
product ideal people like whose ears sensitive,positive
unusable moving car freeway speed,negative
two years left contract hate phone,negative
kept well,positive
poor talk time performance,negative
case great works fine 680,positive
worthless product,negative
great camera thats 2mp pics nice clear great picture quality,positive
impressed product,negative
nice headset priced right,positive
hear garbage audio,negative
excellent bluetooth headset,positive
right mind gon na buy battery,negative
arguing verizon regarding dropped calls returned phones two days,negative
case seems well made,positive
disappointed battery,negative
loud enough doesnt turn like,negative
good protection make phone bulky,positive
usable keyboard actually turns pda realworld useful machine instead neat gadget,positive
phone pretty sturdy ive never large problems,positive
disappointed,negative
happy 510 complaints one regarding sound quality end,positive
buttons bad,negative
essentially forget microsofts tech support,negative
really recommend faceplates since looks nice elegant cool,positive
headphones great find think perhaps best purchase ive made last several years seriously,positive
buy different phone,negative
hold phone particular angle party hear clearly,negative
one big drawback mp3 player buttons phones front cover let pause skip songs lock seconds,negative
week later activated suddenly died,negative
feels comfortable headsets wear glasses gets way sometimes,positive
great ipods,positive
mic doesnt work,negative
even bmw 3 series fairly quiet trouble hearing person saying,negative
nice docking station home work,positive
beautiful phone,positive
love product,positive
great little item,positive
love phone handy lot features,positive
wear everyday holds well,positive
good bargain,negative
well packaged arrived time works intended,positive
battery runs quickly,negative
item worked great broke 6 months use,negative
headsets easy use everyone loves,positive
phone works great,positive
construction headsets poor,negative
product costs much one expect work far better greater ease thing,negative
made sturdy,positive
worked great,positive
ear buds play music one ear,negative
plan use car forget,negative
found product waaay big,negative
im disappointed decision,negative
integrated seamlessly motorola razr phone,positive
buyer beware could flush money right toilet,negative
definitely bargain,positive
price good free shipping good purchase,positive
received supposedly new motorola 375 apparently match phone charger,negative
prosgood camera nice pictures also cool styles like black white,positive
thats huge design flaw unless im using correctly dont think case,negative
purcashed car charger work,negative
sound quality end excellent use headset call wife ask wife use headset call 2,positive
phone slim light display beautiful,positive
little geeky think thats sex toast rocks oozes sex right battery embedded sleek stylish leather case,positive
great product fast shipping,positive
absolutely great,positive
keyboard nice compromise full qwerty basic cell phone number keypad,positive
got phone around end may im completely unhappy,negative
comfortable ear,positive
winner us,positive
setup couldnt simpler,positive
ive tried several different earpieces cell phone jabra one first one ive found fits ear comfortably,positive
could get strong enough signal,negative
iam pleased purchase,positive
bad quality,negative
gets job done,positive
great audio,positive
basically service bad,negative
work cell phone plug set charger,negative
ive bluetooth weeks really like,positive
bt headset disapoinment,negative
small dont even realize getting used,positive
accompanied software almost brilliant,positive
headset works great packaged nicely avoid damage,positive
buyerbe careful,negative
majority logitech earbud headsets failed,negative
good stuff price,positive
headset works peachykeen,positive
house getting dropped coverage upstairs coverage basement,negative
waste,negative
several different 2 minute calls experienced 5 drops area 5 bars,negative
happy item,negative
disappointed,negative
phone takes forever charge like 2 5 hours literally,negative
got phone reccomendation relative im glad,positive
reception poor,negative
items stated included description included,negative
3 months screen went black sudden,negative
hoping,negative
audio quality poor poor,negative
ive bought 5 wired headphones sound better,negative
phone fast sending kind messages web browsing significantly faster previous phones used,positive
nice quality build unlike cheap,positive
w810i superb,positive
great charger,positive
essentially communications tool communicate,negative
works like charm work one got phone,positive
still maintain monkeys shouldnt make headphones obviously dont share enough dna copy design humans,negative
great value,positive
look sharp screen nice clear great graphics,positive
doesnt last long,negative
one thing hate mode set button side,negative
excellent service,positive
thank wasting money,negative
bethe audio quality poor,negative
igo chargers tips really great,positive
superb phone great network,positive
connected wifes bluetoothmotorola hs850 phone worked like charm whether phone pocket case,positive
recognizes phone storage device,negative
dont buy product,negative
ive bluetoooth headset time still comfortable way fits ear,negative
sound quality good functionality awesome,positive
phone thorn side really abhor,negative
recently problems could stay connected 10 minutes disconnected,negative
incredible,positive
design flaw,negative
great phone,positive
waste 13 bucks,negative
check voice mail night keypad backlight turns seconds first message im lost,negative
replacement died weeks,negative
lately extremely nice helpful phone,positive
problems wit hit dropping signal,negative
impressed,negative
light weight hardly notice,positive
youll love thin,positive
bad choice,negative
pleather case doesnt fit,negative
useless phone simply deaf,negative
color even prettier thought would graphics incredibly sharp,positive
think good investment,positive
makes strange ticking noises ends call,negative
best electronics available fm transmitters,positive
battery lasts hours,negative
great headset impressed h500,positive
ive nearly 2 years worked great,positive
good transmit audio,positive
sending back,negative
bother contacting company dollar product learned lesson bought form online anyway,negative
hate earbugs avoid phone means,negative
range decent ive able roam around house phone living room receptionsound quality issues,positive
fast service,positive
would highly recommend,positive
would recommend,positive
also didnt like button felt like would crack use,negative
worst phone ever,negative
im still infatuated phone,positive
freezes frequently4,negative
kind embarrassing use looks mostly embarrassing childlike company,negative
simple lightweight great fit,positive
id expected better consumer experience motorola,negative
theres horrible tick sound background calls never experienced,negative
certainly comfortable functionality decent,positive
usually dont like headbands one lightweight doesnt mess hair,positive
im bit disappointed,negative
phone year tell great,negative
ordered sony ericsson w810i think worked thats first used,negative
battery completely useless,negative
big waste time,negative
dont waste one,negative
great sound service,positive
really pleased product far,positive
one favorite purchases ever,positive
best bluetooth market,positive
excited get headset thought really cute,positive
make mistake,negative
big disappointment calendar sync,negative
phone unusable new,negative
worst customer service ever,negative
additional ear gels provided instructions whatsoever,negative
defeats purpose bluetooth headset,negative
worth every penny,positive
excellent wallet type phone case,positive
internet excrutiatingly slow,negative
comfortable wear well probably important aspect using case,positive
fits like glove strong secure durable,positive
gosh best phone ever,positive
attractive appears good quality,positive
love features form factor,positive
poor quality service,negative
cable looks thin flimsy scary,negative
great earpiece,positive
excellent hands free tool,positive
great using home stereo,positive
good product incredible value,positive
month worked flawlessly far,positive
works great,positive
absolutel junk,negative
one didnt work either,negative
battery life real good,positive
returned 8 hours later,negative
great item,positive
dont waste money,negative
drain player may also potentially fry,negative
unreliable im giving,negative
gave 5 stars sound quality,positive
avoid one,negative
reversible plug works great,positive
wasted little money earpiece,negative
good phone,positive
best rotating feature helpful,positive
comfort whole family,positive
good product good seller,positive
first doesnt wear well,negative
impressed headset plantronics,positive
got small adorable,positive
great phone,positive
wouldnt recommend buying product,negative
piece junk,negative
poorly contstruct hinge,negative
great phone,positive
dont buy,negative
excellent phone,positive
purchase phone,negative
voice recognition thru handset excellent,positive
hands best phone ive ever,positive
works great cat attacked phone scratched protective strip instead destroying screen,positive
one works priced right,positive
customer service terrible,negative
battery life still long enough motorola razor v3i,negative
sending back,negative
know made wise decision,positive
someone shouldve invented sooner,positive
good price,positive
working great,positive
many people complained found headsets microphone weak,negative
5year old nokia 2160 tracfone holds charge lot better,negative
care consumer one bit,negative
good battery got really fast,positive
instruction manual lacking,negative
also slim enough fit alarm clock docking station without removing case,positive
phone holds charge like new,positive
battery unreliable well service use antena,negative
uncomfortable sound quality quite poor compared phone razr previous wired headset plugged lg,negative
gotten lot compliments,positive
definitely must state allow cell phone usage driving,positive
want money back,negative
love device,positive
also happy price,positive
ordered product first unhappy immediately,negative
ngage still lacking earbuds,negative
able voice dialing car problem,positive
23 bars cell phone home cant hear anything,negative
good item low price,positive
howeverthe riingtones best neither games,negative
plug work well,negative
amazon sucks,negative
rip charge shipping,negative
comfortable,positive
battery working well replacement original came phone 2 years ago,positive
fits comfortably either ear sound clear loud charge lasts couple days,positive
clear quality sound dont mess sound ipod since sound buttons headset,positive
obviously problem adhesive,negative
disappointing,negative
inexpensive piece would still expected better quality,negative
practically useless add kind boost reception bought,negative
excellent sound quality,positive
happy,negative
new battery works great phone,positive
worst customer service,negative
ive dropped phone times say even concrete phone still great knock wood,positive
reception terrible full static,negative
good audio quality,positive
little device transformed organizational capability made life whole lot easier,positive
sitting vehicle cradle belt headset lost signal,negative
jerks phone,negative
comfortable nice range good battery life,positive
network coverage los angeles horrible,negative
excellent starter wireless headset,negative
thing think could improve sound leaks headset,negative
first reception sucks never 2 bars ever,negative
microphone also works well according people called applifies everything,positive
nice design quality,positive
also phone dropped case going save specially dropped face,negative
light easy use clear reception transmission,positive
bad fit way big,negative
definitely good s11,positive
awesome device,positive
waste money,negative
ordered motorola data cable got well finished working product,positive
love phone,positive
looking headset long time ive got couldnt happier,positive
ill drivng along headset starts ringing reason,negative
display excellent camera good year,positive
embarassing also ears hurt try push ear plug ear,negative
protects phone sides,positive
average phone bad battery life operates weak network,negative
clear skype calls long battery life long range,positive
soyo technology sucks,negative
great hands free device,positive
even take self portraits outside exterior display cool,positive
problem others mentioned,negative
trying many many handsfree gadgets one finally works well,positive
magical help,positive
worst piece crap ever along verizon customer service,negative
poor sound quality,negative
best phone market,positive
worked well,positive
company shipped product promptly works well,positive
exactly wanted,positive
picture resolution far comparablypriced phones offering today,negative
great deal,positive
excellent product satisfied purchase,positive
highly recommend encourage people give try,positive
better youd expect,positive
using earpieces left right thing stay ear,negative
great product price,positive
prompt service,positive
excellent product price,positive
pleased headset,positive
dont waste money time,negative
especially love long battery life,positive
stupid keep buying new chargers car chargers cradles headphones car kits every time new phone comes,negative
works great,positive
plantronics bluetooth excelent buy,positive
ill looking new earpiece,negative
year battery went completely dead headset,negative
used several phone two years one best,positive
awesome new look fall 2000,positive
first phone ive cheaply made,negative
att clear sound distorted yell talk,negative
plastic breaks really easy clip,negative
price good,positive
dont make mistake,negative
oh forgot also mention weird color effect phone,negative
im using iriver spinn case fits fine,positive
overall psyched phone appointments contacts gets great reception,positive
every thing phone work perfectly like,positive
another note phones appearance really looks rather bland especially black model,negative
really easy,positive
sanyo survived dozens drops blacktop without ill effect,positive
fantastic earphones,positive
finds cell phone right away enter car,positive
low quality,negative
highly recommend modest priced cellular phone,positive
get better reception clarity phone ive,positive
warning stay away,negative
wish could return unit get back money,negative
awsome device works great,positive
used talk 1 1 12 hours battery would literally drained dying,negative
displeased,negative
might gotten defect would risk buying built quality alone,negative
made case small difficult install,negative
restored phone like new performance,positive
would recommend purchasing jabra jx10 series 2 works flawlessly moto q go figure,positive
searched internet found one best value,positive
fit,negative
happy product,positive
screen size big key pad lit well enough camera quality excellent camera phone,positive
theres really nothing bad say headset,negative
im glad found product amazon hard find wasnt high priced,positive
portable works,positive
even fully charged went bed turned blue tooth wifi noticed 20 left morning,negative
ive also problems phone reading memory card always turn,negative
good wearing hat sunglasses,negative
timely shipment quality product,positive
nice solid keyboard,positive
well made fits surefire gx2 perfectly,positive
horrible phone,negative
bt50 battery junk,negative
would recommend others,positive
cant get software work computer,negative
disappointed,negative
poor voice clarity,negative
buyers remorse one,negative
disappointed accessoryone,negative
find inexcusable probably returning phone perhaps changing carriers,negative
looks great strong,positive
tmobile service 2 3 years pretty happy,positive
update procedure difficult cumbersome,negative
great software motorolas,positive
delivery time,positive
easy use,positive
uncomfortable ear dont use lg vx9900 env,negative
volume switch rocketed unit destination unknown,negative
holds charge long time reasonably comfortable longwearing conditions quality sound tremendous,positive
id like return,negative
keyboard really worthwhile usefulness sturdy enough dont expect problems,positive
verizons bills however difficult understand even though pricing plans simple,negative
charging overnight batteries work great,positive
love phone,positive
disappointment,negative
user friendly,negative
unfortunately ability actually know receiving call rather important feature phone pitiful respect,negative
exchanged phone even problem,negative
results phone either stuck max volume mute,negative
pda rocks,positive
super charged use small hybrid palmtopcameracellphone excels roles,positive
verizon 2 years ago really liked service,positive
pretty piece junk,negative
plug wrong size,negative
works described,positive
bad purchase,negative
well im satisfied,positive
bose noise cancelling amazing important nyc commuter,positive
defective crap,negative
would given star able,negative
wear glasses fits fine,positive
would recommend item anyone,negative
holster arrived match photo ad,negative
earlier review noted plug charger nothing happens,negative
frog phone charm adorable eye catching,positive
never know pushed hard enough right number times function want,negative
sound clear people talk amazed quality,positive
got aluminum case new palm vx worked really wellit protected handheld perfectly far,positive
good product well made,positive
mobile phone tools must,positive
impressed job motorola sturdiness phone,positive
received orders well within shipping timeframe everything good working order overall excited source,positive
phone sturdy waterproof,positive
impressed would recommend item anyone,negative
ended sliding edge pants back pockets instead,positive
go store bought new nokia phone working great,positive
works great,positive
really ugly,negative
horrible switch 3 times,negative
noise shield incrediable,positive
real improvement,negative
razr battery good buy,positive
refuse refund replace,negative
unfortunately easy accidentally activate gentletouch buttons accidentally touch phone face listening,negative
basically threw money window nothing,negative
bluetooth range good days ago left phone trunk got call carried conversation without hitch,positive
small sleek impressive looking practical setup ample storage place,positive
eargels channel sound directly ear seem increase sound volume clarity,positive
none new ones ever quite worked properly,negative
glad purchased,positive
ive missed numerous calls reason,negative
perhaps phone defective people hear use,negative
dont buy product,negative
sucked stuff work phone,negative
shifting bubbling peeling even scratch nothingi couldnt happier new one droid,positive
trying make call exercise frustration,negative
case flimsy piece plastic front side protection whatsoever,negative
jabra earset happy sound quality especially outgoing better,positive
love camera really pretty good quality,positive
thank great service,positive
total package,positive
seller understanding patient would definitely buy,positive
great product price,positive
none works dont buy,negative
muddy low quality sound casing around wires insert poorly super glued slid,negative
please dont waste money,negative
im quite satisfied purchase,positive
looking good quality motorola headset keep looking isnt,negative
yet plantronincs continues use flawed charger design,negative
disapointing results,negative
cumbersome design,negative
great product,positive
fixes problems,positive
worst ever,negative
ive trouble accessing internet downloading ringtones performing functions,positive
battery life highly unacceptable,negative
company joke,negative
everything description said would,positive
due happening every call forced stop using headset,negative
works great car charger especially plug two adapters time,positive
verizon tech support walked procedures none worked ended hard reset wiping data,negative
voice quality signal strength dropped calls,negative
plays louder speaker size price low would think quality lacking however,positive
better expected,positive
feels poorly constructed menus difficult navigate buttons recessed difficult push,negative
battery holding well,positive
used two days wasnt always easy hear,negative
sprint terrible customer service,negative
linked phone without effort,positive
easy use,positive
better new,positive
piece trash,negative
pretty good product,positive
great phone,positive
price amazon excellent product would highly recommend,positive
research development division obviously knows theyre,positive
real killer volume course breaking,negative
phones working fine,positive
happy product,positive
poor construction,negative
infuriating,negative
overall would recommend phone new walkman,positive
sprint charges service,negative
cheap feel look cheap,negative
fits ear well comfortable,positive
doesnt work europe asia,negative
clipping belt deffinitely make feel like 50 cents upandcoming,positive
like design look jabra behing ear headsets 5020 pretty comfortible wear 24 hours day without pain ear,positive
amazed quick arrival two original lg cell phone batteries fraction price,positive
charger worked week completely stopped charging phone,negative
poor product,negative
however needed better instructions,negative
worked well paired treo 700w skype headset pc using usb bluetooth transceiver,positive
steer clear product go genuine palm replacementr pens come threepack,negative
plus seriously believe worth steep price point,negative
cases ive tried normally fall apart months one seems long haul,positive
dissapointing performance,negative
dont make mistake please dont buy phone,negative
phone might well worst ive ever brand,negative
case less extra originally put later discarded scratched ear,negative
recommend igo anyone different brand cell phonesmp3 players family,positive
dont bother go store,negative
problem item would order needed,positive
get pay guess,negative
software great job could also make ringtones form existing cds without internet connection,positive
im surprised good quality car charger theres much reviews,positive
however bt headsets currently good real time games like firstperson shooters since audio delay messes,negative
disappointing accessory good manufacturer,negative
performed awful muffled tinny incoming sound severe echo end call,negative
windresistant,positive
obviously terrible customer service get pay,negative
contacted company told although unit still warranty couldnt produce receipt luck,negative
phone sturdy nokia bar phones,positive
great phone,positive
placed treo case snug lot extra room sides,negative
im pleased,positive
battery terrible,negative
found product easy set use,positive
charger arrived within promised timeframe work,negative
ear loop needed tiny sound great,positive
finally three four times spring latch broke could use longer visor,negative
talk useless customer service,negative
felt light tinny,negative
fit palm tungsten e2 broke first time tried plug,negative
im happy purchase good quality low price,positive
love look feel samsung flipphones,positive
welldesigned sharp blue nice color,positive
everything,positive
could recommend,negative
nice sound,positive
much less jawbone going replace,positive
setup went smoothly,positive
extremely slow takes forever anything,negative
must study anyone interested worst sins industrial design,negative
first thing happened tracking,negative
well made easy access phone handy detachable belt clip,positive
continue pairing periodically since somehow kept dropping,negative
cant upload ringtones third party,negative
bluetooth work phone locks screens flash makes calls randomly pocket locked,negative
truly awful,negative
works fine motorola 325 cellphone lot better wornout battery,positive
volume ringer real good choices loud,positive
none tones acceptable,negative
camera color balance awful,negative
product clearly ready prime time dont care cool looks cant tell call coming worthless,negative
chinese forgeries abound,negative
easy pair samsung cell,positive
instructions didnt explain microphone jack could used,negative
would advise purchase item never worked well,negative
works well,positive
nokia ca42 usb cable work phone,negative
clear crisp sound,positive
use smallest earpieces provided stays pretty well,positive
biggest complaint battery drains superfast,negative
design might ergonomic theory could stand ear,negative
buy want use holster,negative
phone also take great pictures even video clips,positive
doesnt make look cool,negative
ears occupied background distracting,positive
comfortable fit need headset comfortable least hour time entire day,positive
also phone doesnt seem accept anything except cbr mp3s preferably ripped windows media player,negative
cant beat price,positive
lightweight works well,positive
beware,negative
love cable allows connect miniusb device pc,positive
anyone near hear part conversation,negative
cool cases open allowing screen get scratched,positive
bought phone replacement startac regretted since,negative
appears actually outperform original battery china came v325i,positive
cant store anything phone numbers sim,negative
poor quality,negative
jabra ear gels r best,positive
worth,negative
phone crashed completely get replaced,negative
quit working id used 18 months purchased another one best headset ive ever owned,positive
unfortunately recharge iphone 4s despite connecting multiple power sources imac external battery wall outlet etc,negative
great phone,positive
simply want small flip phone look elsewhere extra bells whistles mediocre,negative
good value works fine power via usb car wall outlet,positive
phone doesnt slide around car grip prevents phone slipping hand,positive
always used corded headsets freedom wireless helpful,positive
case passed one year mark shows signs wear 100 functional,positive
leather nice soft fit tight cut face good shape,positive
everything need couldnt ask,positive
receiving using product 2 days broke,negative
none three sizes sent headset would stay ears,negative
tmobile best customer service anywhere,positive
arrived quickly much less expensive others sold,positive
provides good protection looks classy,positive
krussel always good,positive
tracfonewebsite user friendly makes easy toactivate etc,positive
great reception time,positive
would highly recommend product,positive
dit work time nokia 5320,negative
bought mainly charger broke soon purchasing,negative
stay away store careful,negative
blueant supertooth handsfree phone speaker awesome,positive
fit,negative
light plenty battery capacity confortable wear somewhat extended periods time,positive
disappointing,negative
blue ant easy use,positive
days later puff smoke came phone use,negative
convenient simple use gets job done makes car ride much smoother,positive
sound quality excellent well,positive
best headset used,positive
would reccommend,negative
around years carries highest quality antiglare screen protector found date,positive
wanted,positive
particular model would work motorola q smartphone,negative
wont work right atleast,negative
addition feels amp looks phone lightweight cheap plastic,negative
great product,positive
crisp clear,positive
first charge kept going dead 12 minutes,negative
cheap plastic creaks like old wooden floor,negative
get absolutely horrible reception apartment phones problem,negative
reception generally good,positive
excellent sound battery life inconspicuous boot,positive
great bluetooth,positive
highly recommend case,positive
worthwhile,positive
great deal,positive
phone got year old slowly breaking despite much care part,negative
sorry made purchase,negative
bought hoping could make bluetooth headset fit better things made impossible wear,negative
treo tmobile refused replace forced buy another phone without kind upgrade discount,negative
horrible,negative
dont think would hold securly belt,negative
allows possibility double booking date time first,negative
work 2 weeks break,negative
simple use like,positive
cant use case smell disgusting,negative
wanted,negative
2 cases would order another,positive
great phone,positive
bought battery coupon amazon im happy purchase,positive
internet access fine rare instance worked,negative
perfect ps3,positive
five star plus plus,positive
50 drain,negative
tried talking real loud shouting telephone gets old still told wasnt great,negative
good works fine,positive
price great deal,positive
wind completely useless,negative
work,negative
reception headset excellent,positive
verizon lg phone work well together good reception range exceeds 20 feet line sight,positive
1 works 2 comfortable,positive
battery chargelife quite long,positive
jabra eargels fit ears well,positive
battery life,negative
checked everywhere feature really disappointing,negative
product exactly described,positive
gets signal verizon phones wont,positive
doesnt job,negative
would recommend,positive
plan ordering,positive
said phone camera nice many cool effects play video decent well,positive
satisfied cell phone day one,positive
keep getting better better third one ive numerous palms,positive
awkward use unreliable,negative
good hoped,negative
good case,positive
doesnt work,negative
really good product,positive
unfortunately work,negative
three broke within two months use,negative
dont buy,negative
father v265 battery dying,negative
however ear pads come easily one week lost one,negative
calls drop phone comes screen goes black worst stops ringing intermittently,negative
horrible horrible protector,negative
dont like nokia either,negative
bought nokia cell phone weeks ago nightmare,negative
would take long describe bad customer service experience amazon,negative
product useless since enough charging current charge 2 cellphones planning use,negative
says,negative
stay away q,negative
used dirty,negative
good enough price,negative
bought two neither charge,negative
looks nice,positive
excellent tool especially paired phones autoanswer,positive
read others reviews havent problem,positive
products cover important light sensor ear outlet,negative
comfortable hand,positive
work,negative
poor reliability,negative
take picture battery drops bar starts beeping letting know dieing,negative
last time buying,negative
waste money,negative
far worked like charm,positive
weeks far good,positive
case best part download pictures laptop using ir even send pictures laptop phone,positive
would recommend item,positive
nice case feels good hands,positive
item received counterfeit,negative
works fine,positive
received headset good time happy,positive
pleased see could replace well travled swivel holster blackberry flip,positive
sister one also loves,positive
good quality,positive
far worst purchase ive made amazon,negative
excellent dualpurpose headset,positive
excellent,positive
work listening music cingular 8125,negative
seems completely secure holding belt keeping iphone inside,positive
trouble volume,negative
good thing fits comfortably small ears,positive
warning buy,negative
pairing iphone could happier far,positive
opens battery connection broken device turned,negative
didnt want clip going top ear causing discomfort,negative
best headset ever,positive
dont trust website dont expect helpful support,negative
speaker low quality making ring tones sound cheap,negative
fits comfortably came three sizes earbud tips,positive
excellent product price,positive
bad reception,negative
quite comfortable ear,positive
great phone,positive
dont buy product fails,negative
pairing two devices easy barely took couple minutes started making calls voice dialing feature,positive
utterly confusing first caused lose couple important contacts,negative
terrible phone holder,negative
cutouts buttons placed perfectly,positive
love able use one headset landline cell,positive
problem ear loops made weak material break easily,negative
nearly good looking amazon picture makes look,negative
despite flaws case exceptional quality well worth additional costs owning official oem product,positive
hear im driving car usually dont even put loudest setting,positive
seller shipped quickly much cheaper competitors,positive
good show samsung,positive
bought 10 saved alot money,positive
always cuts makes beep beep beep sound says signal failed,negative
phone sounded ok great ok wifes phone almost totally unintelligible couldnt understand word said,negative
take battery phone put back together restart,negative
managed bend leaf spring back place metal enough stress break next drop,negative
leopard print wonderfully wild,positive
works,positive
saggy floppy piece junk,negative
much better hard plastic cases,positive
also new problem,negative
happy far,positive
cool phone,positive
works good,positive
motorola finally got voice quality bluetooth headset right,positive
looses connection phone even within couple feet two,negative
makes easier keep bluetooth im wearing,negative
pair headphones worst ever soundwise,negative
charge cingular att 8525 phone,negative
get extra minutes carry call get cut,positive
however year fliptop started get loose wobbly eventually screen went black couldnt receive place calls,negative
kept catching cable seat pull phone turn,negative
headset fulfills requirements happy purchase,positive
logitech bluetooth headset 10,positive
like fact rests lightly ear rather inside,positive
lot websites rating good phone,positive
tried cables computer ipod works fine,positive
mic joke volume quite low,negative
im returning,negative
maintain connection computer lap,negative
easy turn car volume controls quite accessable,positive
mine year christmas bought rest family,positive
otherwise easy install use clear sound,positive
nice leather,positive
purchase different case,negative
joy use,positive
much disappointed company,negative
satisifed,positive
didnt charge,negative
buttons small,negative
reading specs alone makes say wow,positive
really like product motorola allot clearer ear piece mic,positive
however keypads tinny sometimes reach wrong buttons,negative
exchanged sony ericson z500a im pretty happy decision,positive
impressed price cases,positive
also makes easier hold,positive
pretty easy,positive
make calls certain places,negative
however girl complain time phone doesnt wake like normal phone,negative
beautiful styling though,positive
company charge restocking fee still given refund back,negative
im trying return refund,negative
plugged find darn thing worked,negative
excellent product,positive
earbud piece breaks easily,negative
lousy product,negative
phone tries hard everything fails ability phone,negative
best charger seen market yet,positive
oh charger seems work fine,positive
fits securely ear hook even need used sound better directed ear canal,positive
enough volume,negative
could take 2 videos time quality poor,negative
dont waste money,negative
going first negatively review product,negative
adapter provide enough charging current,negative
much hype phone assumed best mistake,negative
also take pictures case lense covered,negative
phone falls easily,negative
didnt work people hear talk,negative
text messaging feature really tricky use,negative
im really disappointed charger doesnt work,negative
painful ear,negative
lasted one day blew,negative
disappointed,negative
kind flops around,negative
screen get smudged easily touches ear face,negative
item match picture,negative
thing disappoint infra red port irda,negative
wow loved place,positive
crust good,negative
tasty texture nasty,negative
stopped late may bank holiday rick steve recommendation loved,positive
selection menu great prices,positive
getting angry want damn pho,negative
honeslty didnt taste fresh,negative
potatoes like rubber could tell made ahead time kept warmer,negative
fries great,positive
great touch,positive
service prompt,positive
would go back,negative
cashier care ever say still ended wayyy overpriced,negative
disgusted pretty sure human hair,negative
shocked signs indicate cash,negative
highly recommended,positive
waitress little slow service,negative
like,negative
burrittos blah,negative
service also cute,positive
could care less interior beautiful,positive
performed,positive
thats rightthe red velvet cakeohhh stuff good,positive
name,negative
worst salmon sashimi,negative
like final blow,negative
found place accident could happier,positive
redeeming quality restaurant inexpensive,positive
ample portions good prices,positive
first visit hiro delight,positive
service sucks,negative
shrimp tender moist,positive
deal good enough would drag establishment,negative
hard judge whether sides good grossed melted styrofoam didnt want eat fear getting sick,negative
thing like prime rib dessert section,positive
bad food damn generic,negative
want sandwich go firehouse,positive
ordered duck rare pink tender inside nice char outside,positive
came running us realized husband left sunglasses table,positive
chow mein good,positive
portion huge,positive
heart attack grill downtown vegas absolutely flatlined excuse restaurant,negative
much seafood like 5 strings pasta bottom,negative
least think refill water struggle wave 10 minutes,negative
place receives stars appetizers,positive
cocktails handmade delicious,positive
wed definitely go back,positive
glad found place,positive
always great time dos gringos,positive
updatewent back second time still amazing,positive
got food apparently never heard salt batter fish chewy,negative
great way finish great,positive
service meh,negative
scallop dish quite appalling value well,negative
2 times bad customer service,negative
sweet potato fries good seasoned well,positive
today second time ive lunch buffet pretty good,positive
much good food vegas feel cheated wasting eating opportunity going rice company,negative
coming like experiencing underwhelming relationship parties cant wait person ask break,negative
walked place smelled like old grease trap 2 others eating,negative
turkey roast beef bland,negative
place,positive
pan cakes everyone raving taste like sugary disaster tailored palate six year old,negative
love pho spring rolls oh yummy try,positive
poor batter meat ratio made chicken tenders unsatisfying,negative
say food amazing,positive
omelets die,positive
everything fresh delicious,positive
best breakfast buffet,positive
say bye bye tip lady,negative
well never go,negative
back,positive
food arrived quickly,positive
good,negative
one better buffets,positive
went tigerlilly fantastic afternoon,positive
ambience wonderful music playing,positive
go back next trip,positive
sooooo good,positive
really fantastic thai restaurant definitely worth visit,positive
good prices,positive
check,positive
pretty gross,negative
ive better atmosphere,negative
kind hard mess steak,negative
dont know place managed served blandest food ever eaten preparing indian cuisine,negative
service fine waitress friendly,positive
bland liking place number reasons dont want waste time bad reviewing ill leave,negative
wouldnt return,negative
place way overpriced mediocre food,negative
penne vodka excellent,positive
management rude,negative
seriously solid breakfast,positive
one best bars food vegas,positive
drink never empty made really great menu suggestions,positive
dont,negative
waiter wasnt helpful friendly rarely checked us,negative
husband ate lunch disappointed food service,negative
red curry much bamboo shoots wasnt tasty,negative
nice blanket moz top feel like done cover subpar food,positive
bathrooms clean place well decorated,positive
give 2 thumbs,negative
watched waiter pay lot attention tables ignore us,negative
fianc√© came middle day greeted seated right away,positive
great restaurant mandalay bay,positive
waited forty five minutes vain,negative
crostini came salad stale,negative
highlights great quality nigiri,positive
staff friendly joint always clean,positive
different cut piece day still wonderful tender well well flavored,positive
ordered voodoo pasta first time id really excellent pasta since going gluten free several years ago,positive
place good,positive
came back today since relocated still impressed,negative
seated immediately,positive
avoid cost,negative
restaurant always full never wait,positive
delicious,positive
place handsdown one best places eat phoenix metro area,positive
dont go looking good food,negative
ive never treated bad,negative
bacon hella salty,positive
waitresses friendly,positive
everything menu terrific also thrilled made amazing accommodations vegetarian daughter,positive
service leaves lot desired,negative
literally sat 20 minutes one asking take order,negative
also decided send back waitress looked like verge heart attack,negative
dressed treated rudely,negative
probably dirt,negative
ordered lemon raspberry ice cocktail also incredible,positive
interesting decor,positive
really like crepe station,positive
watch preparing delicious food,positive
egg rolls fantastic,positive
im really sure joeys voted best hot dog valley readers phoenix magazine,negative
best place go tasty bowl pho,positive
live music fridays totally blows,negative
ive never insulted felt disrespected,negative
friendly staff,positive
worth drive,positive
food great serivce,positive
warm beer didnt help,negative
great brunch spot,positive
service friendly inviting,positive
good lunch spot,positive
ive lived since 1979 first last time ive stepped foot place,negative
worst experience ever,negative
must night place,negative
friend loved salmon tartar,positive
wont go back,negative
extremely tasty,positive
waitress good though,positive
soggy good,negative
jamaican mojitos delicious,positive
small worth price,negative
name,positive
service bit lacking,negative
hopefully bodes going business someone cook come,negative
loved bacon wrapped dates,positive
unbelievable bargain,positive
folks otto always make us feel welcome special,positive
rolled eyes may stayed sure go back try,negative
horrible dont waste time money,negative
dish quite flavourful,positive
time side restaurant almost empty excuse,negative
like reviewer said couldnt pay eat place,negative
drinks took close 30 minutes come one point,negative
much better ayce sushi place went vegas,positive
lighting dark enough set mood,positive
based subpar service received effort show gratitude business wont going back,negative
owners really great people,positive
nothing privileged workingeating,negative
greek dressing creamy flavorful,positive
pizza good peanut sauce tasty,positive
7 table service pretty fast,positive
fantastic service,positive
well wouldve given godfathers zero stars possible,negative
know make,positive
tough short flavor,negative
hope place sticks around,positive
restaurant atmosphere exquisite,positive
seafood fresh generous portion,positive
good year ago,positive
veggitarian platter world,positive
cant go wrong food,positive
cant beat,positive
chefs friendly good job,positive
liked patio service outstanding,positive
goat taco didnt skimp meat wow flavor,positive
think,negative
mac salad pretty bland getting,negative
went bachi burger friends recommendation disappointed,positive
service stinks,negative
waited waited,negative
would definitely recommend wings well pizza,positive
great pizza salads,positive
things went wrong burned saganaki,negative
waited hour breakfast could done 100 times better home,negative
place amazing,positive
waited 2 hours never got either pizzas many around us came later,negative
dont know slow,negative
didnt know pulled pork could soooo delicious,positive
go gave 1 star rating please know third time eating bachi burger writing review,negative
love fact everything menu worth,positive
never dining place,negative
food excellent service good,positive
good beer drink selection good food selection,positive
please stay away shrimp stir fried noodles,negative
potato chip order sad could probably count many chips box probably around 12,negative
food really boring,negative
good servicecheck,positive
greedy corporation never see another dime,negative
expect good,positive
fantastic food,positive
ordered toasted english muffin came untoasted,negative
food good,positive
never going back,negative
bus boy hand rude,negative
bread made inhouse,positive
downside service,negative
service exceptional food good reviews,positive
favorite place town shawarrrrrrma,positive
black eyed peas sweet potatoes unreal,positive
wont disappointed,positive
mom got home immediately got sick bites salad,negative
servers pleasant deal dont always honor pizza hut coupons,negative
everything gross,negative
love place,positive
great service food,positive
first bathrooms location dirty seat covers replenished plain yucky,negative
burger got gold standard 17 burger kind disappointed,negative
nothing authentic place,negative
spaghetti nothing special whatsoever,negative
vegetables fresh sauce feels like authentic thai,positive
worth driving tucson,positive
selection probably worst ive seen vegasthere none,negative
pretty good beer selection,positive
5 stars brick oven bread app,positive
sat another ten minutes finally gave left,negative
terrible,negative
everyone treated equally special,positive
shouldnt take 30 min pancakes eggs,negative
delicious,positive
always evening wonderful food delicious,positive
best fish ive ever life,positive
bathroom next door nice,positive
buffet small food offered bland,negative
outstanding little restaurant best food ever tasted,positive
pretty cool would say,positive
definitely turn doubt ill back unless someone else buying,negative
server great job handling large rowdy table,positive
wife lobster bisque soup lukewarm,negative
would come back sushi craving vegas,positive
deserves 5 stars,positive
left stomach ache felt sick rest day,negative
dropped ball,negative
beans rice mediocre best,negative
best tacos town far,positive
took back money got outta,negative
rude inconsiderate management,negative
wont back,negative
great dinners,positive
service outshining definitely recommend halibut,positive
food terrible,negative
never ever go back told many people happened,negative
dont recommend unless car breaks front starving,negative
come back every time im vegas,positive
place deserves one star 90 food,negative
disgrace,negative
def coming back bowl next time,positive
walked away stuffed happy first vegas buffet experience,positive
service excellent prices pretty reasonable considering vegas located inside crystals shopping mall aria,positive
im probably one people ever go ians like,negative
kids pizza always hit lots great side dish options kiddos,positive
service perfect family atmosphere nice see,positive
cooked perfection service impeccable,positive
one simply disappointment,negative
dont accountant know im getting screwed,negative
today first taste buldogis gourmet hot dog tell ever thought possible,positive
left frustrated,negative
ill definitely soon,positive
food really good got full petty fast,positive
service fantastic,positive
total waste time,negative
dont know kind best iced tea,positive
assure wont disappointed,positive
take little bad service food sucks,negative
gave trying eat crust teeth still sore,negative
completely grossed,negative
really enjoyed eating,positive
first time going think quickly become regular,positive
dinner companions told meeverything fresh nice texture taste,positive
weve tried like place 10 times think done,negative
mistake,negative
complaints,positive
seriously good pizza im expertconnisseur topic,positive
waiter jerk,negative
nicest restaurant owners ive ever come across,positive
never come,negative
loved biscuits,positive
service quick friendly,positive
ordered appetizer took 40 minutes pizza another 10 minutes,negative
absolutley fantastic,positive
huge awkward 15lb piece cow 34ths gristle fat,negative
definitely come back,positive
like steiners dark feels like bar,positive
wow spicy delicious,positive
ill take business dinner dollars elsewhere,negative
id love go back,positive
nothing special,negative
day week different deal delicious,positive
back,negative
sauce tasteless,negative
ribeye steak cooked perfectly great mesquite flavor,positive
dont think well going back anytime soon,negative
food gooodd,positive
far sushi connoisseur definitely tell difference good food bad food certainly bad food,negative
insulted,negative
last 3 times lunch bad,negative
chicken wings contained driest chicken meat ever eaten,negative
nargile think great,positive
best tater tots southwest,positive
loved place,positive
definitely worth 3 paid,negative
vanilla ice cream creamy smooth profiterole choux pastry fresh enough,positive
im az time new spot,positive
manager worst,negative
inside really quite nice clean,positive
food outstanding prices reasonable,positive
dont think ill running back carlys anytime soon food,negative
first vegas buffet disappoint,positive
one note ventilation could use upgrading,negative
great pork sandwich,positive
dont waste time,negative
enjoy pizza brunch,positive
steaks well trimmed also perfectly cooked,positive
group 70 claimed would 40 handled us beautifully,positive
loved,positive
asked bill leave without eating didnt bring either,negative
seafood limited boiled shrimp crab legs crab legs definitely taste fresh,negative
selection food best,negative
delicious absolutely back,positive
toro tartare cavier extraordinary liked thinly sliced wagyu white truffle,positive
dont think back long time,negative
awesome,positive
back many times soon,positive
menu much good stuff could decide,positive
conclusion filling meals,positive
daily specials always hit group,positive
tragedy struck,negative
pancake also really good pretty large,positive
monster chicken fried steak eggs time favorite,positive
waitress sweet funny,positive
cant say enough good things place,positive
ambiance incredible,positive
waitress manager friendly,positive
would recommend place,negative
overall wasnt impressed noca,negative
gyro basically lettuce,negative
terrible service,negative
thoroughly disappointed,negative
far best cheesecurds ever,positive
reasonably priced also,positive
everything perfect night,positive
food good typical bar food,positive
drive get,negative
havent gone go,positive
first time might last,negative
burgers amazing,positive
way expensive,negative
first time cant wait next,positive
bartender also nice,positive
everything good tasty,positive
place two thumbs upway,positive
terrible management,negative
excellent new restaurant experienced frenchman,positive
zero stars would give zero stars,negative
worst martini ever,negative
steak shrimp opinion best entrees gc,positive
opportunity today sample amazing pizzas,positive
waited thirty minutes seated although 8 vacant tables folks waiting,negative
yellowtail carpaccio melt mouth fresh,positive
wont try going back even empty,negative
spicy enough perfect actually,positive
last night second time dining happy decided go back,positive
desserts bit strange,negative
boyfriend came first time recent trip vegas could pleased quality food service,positive
nice ambiance,positive
would recommend saving room,positive
guess maybe went night disgraceful,negative
avoid establishment,negative
think restaurant suffers trying hard enough,negative
tapas dishes delicious,positive
heart place,positive
salad bland vinegrette baby greens hearts palm,negative
two felt disgusting,negative
good time,positive
believe place great stop huge belly hankering sushi,positive
generous portions great taste,positive
never go back place never ever recommended place anyone,negative
food delicious,positive
hour seriously,negative
consider theft,negative
eew location needs complete overhaul,negative
recently witnessed poor quality management towards guests well,negative
waited waited waited,negative
server super nice checked us many times,positive
swung give try deeply disappointed,negative
service good company better,positive
staff also friendly efficient,positive
boy sucker dry,negative
rated,negative
steaks 100 recommended,positive
pulled car waited another 15 minutes acknowledged,negative
great food great service clean friendly setting,positive
hate things much cheap quality black olives,negative
kids play area nasty,negative
great place fo take eat,positive
waitress friendly happy accomodate veganveggie options,positive
omg felt like never eaten thai food dish,positive
extremely crumby pretty tasteless,negative
pale color instead nice char flavor,negative
croutons also taste homemade extra plus,positive
got home see driest damn wings ever,negative
itll regular stop trips phoenix,positive
good money,negative
miss wish one philadelphia,positive
also best cheese crisp town,positive
couldnt ask satisfying meal,positive
food good,positive
awesome,positive
wanted leave,negative
made drive way north scottsdale one bit disappointed,positive
eating,negative
owners really really need quit soooooo cheap let wrap freaking sandwich two papers one,negative
checked place couple years ago impressed,negative
absolute must visit,positive
cow tongue cheek tacos amazing,positive
friend like bloody mary,negative
really want make experience good one,positive
return,negative
chicken pho tasted bland,negative
disappointing,negative
grilled chicken tender yellow saffron seasoning,positive
pretty awesome place,positive
ambience perfect,positive
best luck rude noncustomer service focused new management,negative
grandmother make roasted chicken better one,negative
asked multiple times wine list time ignored went hostess got one,negative
four stars food guy blue shirt great vibe still letting us eat,positive
roast beef sandwich tasted really good,positive
highquality chicken chicken caesar salad,positive
ordered burger rare came well done,negative
promptly greeted seated,positive
tried go lunch madhouse,negative
good joint,positive
macarons insanely good,positive
im eating,negative
maybe werent cold would somewhat edible,negative
place lot promise fails deliver,negative
bad experience,negative
mistake,negative
food average best,negative
great food,positive
wont going back anytime soon,negative
disappointed ordered 35 big bay plater,negative
great place relax awesome burger beer,positive
perfect sitdown family meal get together friends,positive
patio seating comfortable,positive
fried rice dry well,negative
hands favorite italian restaurant,positive
screams legit booksomethats also pretty rare vegas,positive
fun experience,positive
atmosphere great lovely duo violinists playing songs requested,positive
owners super friendly staff courteous,positive
great,positive
eclectic selection,positive
sweet potato tots good onion rings perfection close,positive
staff attentive,positive
chef generous time even came around twice take pictures,positive
google mediocre imagine smashburger pop,negative
dont go,negative
promise wont disappoint,positive
sushi lover avoid place means,negative
great double cheeseburger,positive
awesome service food,positive
fantastic neighborhood gem,positive
cant wait go back,positive
plantains worst ive ever tasted,negative
great place highly recommend,positive
service slow attentive,negative
staff spends time talking,negative
dessert panna cotta amazing,positive
damn good steak,positive
total brunch fail,negative
steak amazingrge fillet relleno best seafood plate ever,positive
absolutely amazing,positive
definitely back,positive
sergeant pepper beef sandwich auju sauce excellent sandwich well,positive
went lunch service slow,negative
mortified,negative
wasnt really impressed strip steak,negative
going since 2007 every meal awesome,positive
server nice attentive serving staff,positive
cashier friendly even brought food,positive
work hospitality industry paradise valley refrained recommending cibo longer,negative
atmosphere fun,positive
would recommend others,negative
service quick even go orders like like,positive
thing,negative
2 thumbs,positive
reading please dont go,negative
pros large seating area nice bar area great simple drink menu best brick oven pizza homemade dough,positive
really nice atmosphere,positive
tonight elk filet specialand sucked,negative
ordered old classics new dishes going times sorely disappointed everything,negative
chicken deliciously seasoned perfect fry outside moist chicken inside,positive
special thanks dylan recommendation order yummy tummy,positive
awesome selection beer,positive
great food awesome service,positive
fly apple juice fly,negative
han nan chicken also tasty,positive
ryans bar definitely one edinburgh establishment wont revisiting,negative
nicest chinese restaurant ive,positive
also serve indian naan bread hummus spicy pine nut sauce world,positive
love decor chinese calligraphy wall paper,positive
never anything complain,positive
restaurant clean family restaurant feel,positive
way fried,negative
im sure long stood long enough begin feel awkwardly place,negative
back,negative
warm feeling service felt like guest special treat,positive
extensive menu provides lots options breakfast,positive
wonderful lil tapas ambience made feel warm fuzzy inside,positive
sat right time server get go fantastic,positive
wait 30 minutes get drink longer get 2 arepas,negative
great place eat,positive
jalapeno bacon soooo good,positive
service poor thats nice,negative
place clean food oh stale,negative
service beyond bad,negative
im happy,positive
tasted like dirt,negative
one places phoenix would definately go back,positive
block amazing,positive
hot sour egg flower soups absolutely 5 stars,positive
sashimi poor quality soggy tasteless,negative
great time family dinner sunday night,positive
flair bartenders absolutely amazing,positive
frozen margaritas way sugary taste,negative
good ordered twice,positive
nutshell 1 restaraunt smells like combination dirty fish market sewer,negative
girlfriends veal bad,negative
pretty satifying experience,positive
join club get awesome offers via email,positive
bland flavorless good way describing barely tepid meat,negative
nachos must,positive
coming back,negative
received pita huge lot meat thumbs,positive
food arrives meh,negative
paying 785 hot dog fries looks like came kids meal wienerschnitzel idea good meal,negative
classic maine lobster roll fantastic,positive
good going review place twice hereas tribute place tribute event held last night,positive
place great,positive
mediocre food,negative
get inside youll impressed place,positive
im super pissd,negative
service super friendly,positive
sad little vegetables overcooked,negative
place nice surprise,positive
goldencrispy delicious,positive
could eat bruschetta day devine,positive
single employee came see ok even needed water refill finally served us food,negative
server negligent needs made us feel unwelcome would suggest place,negative
service terrible though,negative
packed,negative
love place,positive
say desserts yummy,positive
food terrible,negative
seasonal fruit fresh white peach puree,positive
kept getting worse worse im officially done,negative
place honestly blown,negative
definitely would eat,negative
waste money,negative
love put food nice plastic containers opposed cramming little paper takeout boxes,positive
cr√™pe delicate thin moist,positive
awful service,negative
wont ever go,negative
food quality horrible,negative
price think place would much rather gone,negative
service fair best,negative
favor stay away dish,negative
poor service,negative
one table thought food average worth wait,negative
excellent,positive
paid bill tip felt server terrible job,negative
lunch great experience,positive
never bland food surprised considering article read focused much spices flavor,negative
food way overpriced portions fucking small,negative
recently tried caballeros back every week since,positive
food came good pace,positive
wont back,negative
could believe dirty oysters,negative
place deserves stars,negative
would recommend place,negative
potatoes great biscuit,positive
probably would go,negative
flavorful perfect amount heat,positive
price reasonable service great,positive
fella got huevos rancheros didnt look appealing,negative
may say buffet pricey think get pay place getting quite lot,positive
probably wont coming back,negative
worst foodservice ive,negative
talk great customer service course back,positive
love fries beans,positive
always pleasure dealing,positive
place awesome want something light healthy summer,positive
feel dining room college cooking course high class dining service slow best,negative
worst sushi ever eat besides costcos,negative
boyfriend sat bar completely delightful experience,positive
weird vibe owners,negative
hardly meat,negative
ive better bagels grocery store,negative
go place gyros,positive
found six inch long piece wire salsa,negative
definately enjoyed,positive
ordered albondigas soup warm tasted like tomato soup frozen meatballs,negative
two bites refused eat anymore,negative
service extremely slow,negative
seriously killer hot chai latte,positive
boyfriend tried mediterranean chicken salad fell love,positive
rotating beers tap also highlight place,positive
pricing bit concern mellow mushroom,negative
worst thai ever,negative
stay vegas must get breakfast least,positive
want first say server great perfect service,positive
pizza selections good,positive
highly unprofessional rude loyal patron,negative
spend money elsewhere,negative
regular toasted bread equally satisfying occasional pats butter mmmm,positive
buffet bellagio far anticipated,negative
name,negative
disappointing dinner went elsewhere dessert,negative
chips sals amazing,positive
wont returning,negative
new fav vegas buffet spot,positive
seriously believe owner many unexperienced employees running around like chickens heads cut,negative
im impressed concept food,negative
thing wasnt crazy guacamole dont like pur√©ed,negative
got food poisoning buffet,negative
brought fresh batch fries thinking yay something warm,negative
place disgusting,negative
ri style calamari joke,negative
also took forever bring us check asked,negative
arent ones make scene restaurants dont get itdefinitely lost love one,negative
disappointing experience,negative
waaaaaayyyyyyyyyy rated saying,negative
wont going back,negative
place fairly clean food simply wasnt worth,negative
place lacked style,negative
dont bother coming,negative
equally awful,negative
probably hurry go back,negative
slow seating even reservation,negative
good stretch imagination,negative
cashew cream sauce bland vegetables undercooked,negative
disappointed,negative
place horrible way overpriced,negative
wasnt busy know,negative
tables outside also dirty lot time workers always friendly helpful menu,negative
con spotty service,negative
came back cold,negative
real disappointment waiter,negative
husband said rude even apologize bad food anything,negative
reason eat would fill night binge drinking get carbs stomach,negative
someone orders two tacos dont think may part customer service ask combo ala cart,negative
quite disappointed although blame needs placed door,negative
rave reviews couldnt wait eat herewhat disappointment,negative
del taco pretty nasty avoided possible,negative
hard make decent hamburger,negative
dont like,negative
hell go back,negative
weve gotten much better service pizza place next door services received restaurant,negative
immediately said wanted talk manager want talk guy shots fireball behind bar,negative
ambiance isnt much better,negative
food wasnt good,negative
happened next prettyoff putting,negative
overpriced getting,negative
vomited bathroom mid lunch,negative
started tuna sashimi brownish color obviously wasnt fresh,negative
food average,negative
sure beat nachos movies would expect little bit coming restaurant,negative
problem charge 1199 sandwich bigger subway sub offers better amount vegetables,negative
shrimp unwrapped live 12 mile brushfire literally ice cold,negative
really impressive place hasnt closed,negative
would avoid place staying mirage,negative
refried beans came meal dried crusty food bland,negative
spend money time place else,negative
lady table next us found live green caterpillar salad,negative
presentation food awful,negative
cant tell disappointed,negative
think food flavor texture lacking,negative
appetite instantly gone,negative
overall impressed would go back,negative
product fine,neutral
nothing extraordinary,neutral
meets expectations,neutral
works described,neutral
complaints nothing amazing,neutral
functional,neutral
average performance,neutral
meant,neutral
great terrible,neutral
normal item,neutral
serves purpose,neutral
nothing get excited,neutral
standard quality,neutral
okay overall,neutral
works nothing special,neutral
job needed,neutral
fair quality,neutral
outstanding bad,neutral
fulfills basic requirements,neutral
nothing remarkable,neutral
reasonable performance,neutral
acceptable results,neutral
works issues,neutral
meets basic needs,neutral
neither good bad,neutral
satisfactory outcome,neutral
delivers expected,neutral
strong opinion,neutral
decent price,neutral
neutral feelings,neutral
ordinary experience,neutral
stand,neutral
works one would expect,neutral
neither impressive disappointing,neutral
could better awful,neutral
advertised nothing,neutral
standard usage experience,neutral
moderate quality,neutral
bad good,neutral
serves basic function,neutral
nothing complain,neutral
used better also worse,neutral
middle road experience,neutral
okay purchase,neutral
sufficient everyday use,neutral
go beyond expectations,neutral
neither thrilling dull,neutral
nothing groundbreaking,neutral
standard performance,neutral
regular product,neutral
written label,neutral
neither win loss,neutral
much say,neutral
slightly average,neutral
job adequately,neutral
excel fail,neutral
typical experience,neutral
gets job done,neutral
moderately satisfied,neutral
nothing write home,neutral
neutral experience,neutral
works fine price,neutral
meets standard criteria,neutral
fulfills role,neutral
neither pleased upset,neutral
fair product,neutral
particularly exciting,neutral
disappointed thrilled,neutral
surprises,neutral
operates intended,neutral
meets expected standard,neutral
serves intended use,neutral
expected,neutral
unremarkable experience,neutral
issues functionality,neutral
overly impressed,neutral
go beyond required,neutral
product functional,neutral
nothing unexpected,neutral
performs one would assume,neutral
necessary,neutral
fair cost,neutral
acceptable buy,neutral
reasonable results,neutral
strong emotions,neutral
neutral gets,neutral
delivers without extra flair,neutral
experience without extremes,neutral
nothing worth noting,neutral
duty without standing,neutral
maybe,neutral
I donít know,neutral
weather today moderate,neutral
book contains lot information,neutral
many people travel work train,neutral
water essential life,neutral
store opens 9,neutral
technology continues evolve,neutral
chair made wood,neutral
people prefer wake early,neutral
meeting lasted hour,neutral
many different types coffee,neutral
package arrived time,neutral
city many historical sites,neutral
mathematics fundamental subject,neutral
week seven days,neutral
traffic steady way home,neutral
apples oranges fruits,neutral
movie started 7 pm,neutral
many websites offer online courses,neutral
bus follows regular schedule,neutral
various methods solve problem,neutral
weather today moderate,neutral
library wide collection books,neutral
healthy diet includes variety foods,neutral
clock wall shows correct time,neutral
electricity used many household appliances,neutral
many roads lead city center,neutral
birds migrate different seasons,neutral
learning new language useful,neutral
restaurant menu offers several options,neutral
computers widely used offices,neutral
summer typically warmer winter,neutral
people morning routine,neutral
building multiple floors,neutral
bridge connects two sides river,neutral
buses stop designated locations,neutral
plants require sunlight others,neutral
many people enjoy listening music,neutral
train station usually busy rush hour,neutral
fruits vegetables part balanced diet,neutral
phone battery lasts several hours,neutral
passport required international travel,neutral
museum displays historical artifacts,neutral
several countries share time zone,neutral
online shopping convenient many people,neutral
ocean covers large part earths surface,neutral
books borrowed local library,neutral
email account required send messages,neutral
sky appears blue clear day,neutral
several types trees grow forest,neutral
breakfast often considered important meal,neutral
public transportation available many cities,neutral
keyboard used type computer,neutral
sun rises east,neutral
bicycles common mode transport,neutral
map help navigate unfamiliar places,neutral
water freezes zero degrees celsius,neutral
airport multiple terminals,neutral
calendar helps keeping track dates,neutral
television programs cover various topics,neutral
recipe provides instructions cooking,neutral
internet used communication research,neutral
marathon longdistance race,neutral
temperature varies throughout year,neutral
calculator helps mathematical calculations,neutral
many schools uniform policy,neutral
football match usually lasts 90 minutes,neutral
recycling helps reduce waste,neutral
dictionary provides word definitions,neutral
moon orbits earth,neutral
different currencies used around world,neutral
clouds indicate upcoming weather changes,neutral
camera captures moments photographs,neutral
subway system connects different parts city,neutral
fire extinguisher used emergencies,neutral
exercise beneficial physical health,neutral
mountains higher hills,neutral
envelope used send letters,neutral
human body consists various organs,neutral
telescope helps observe distant objects,neutral
thermometer measures temperature,neutral
earth revolves around sun,neutral
festival attracts many visitors,neutral
different animals live different habitats,neutral
umbrella useful rainy days,neutral
mirror reflects image,neutral
keys used lock unlock doors,neutral
train follows specific track,neutral
people prefer tea coffee,neutral
documentary provides factual information,neutral
park several benches visitors,neutral
microscope helps magnify small objects,neutral
notepad useful taking notes,neutral
ocean different depths,neutral
ticket required enter cinema,neutral
lighthouses guide ships night,neutral
traffic signal helps control vehicle movement,neutral
telescope used view stars,neutral
fireworks displayed special occasions,neutral
deserts high temperatures day,neutral
puzzle requires logical thinking solve,neutral
museum showcases different art pieces,neutral
pilot operates aircraft,neutral
newspaper provides daily news updates,neutral
balloons often used decoration,neutral
gym contains various exercise equipment,neutral
moon different phases,neutral
whistle used referees sports,neutral
raincoats help keep people dry rain,neutral
passport travel document,neutral
lakes formed naturally artificially,neutral
bus schedule helps passengers plan trips,neutral
textbook contains educational content,neutral
public parks open everyone,neutral
lighthouse used guide ships,neutral
different animals different lifespans,neutral
apron worn cooking,neutral
mountain range consists multiple mountains,neutral
seasons change throughout year,neutral
pilot flies airplane,neutral
road signs provide important information drivers,neutral
marathon longdistance race,neutral
earths surface made land water,neutral
many cities public libraries,neutral
seesaw commonly found playgrounds,neutral
heart pumps blood throughout body,neutral
rainbow appears rainfall certain conditions,neutral
ocean home many species fish,neutral
doormat placed entrance house,neutral
cars use electricity instead fuel,neutral
telescope allows people observe distant planets,neutral
sand timer measures specific amount time,neutral
elevator used move floors,neutral
different countries different national flags,neutral
caterpillar eventually turns butterfly,neutral
wind turbines generate electricity wind,neutral
shopping list helps people remember items buy,neutral
many smartphones touchscreen display,neutral
satellite orbits earth,neutral
different plants grow different climates,neutral
aquarium used keep fish,neutral
magnifying glass enlarges small objects,neutral
scoreboard displays current score game,neutral
email sent instantly internet,neutral
compass needle points north,neutral
bridge made metal concrete,neutral
flashlight useful power outages,neutral
measuring tape used measure length,neutral
many banks offer online services,neutral
jacket keeps people warm winter,neutral
stethoscope used listen heartbeats,neutral
different kinds birds build different types nests,neutral
greenhouse helps plants grow controlled conditions,neutral
fish live freshwater others live saltwater,neutral
chair provides place sit,neutral
sun hat protects sunlight,neutral
maps used navigation,neutral
water filter helps purify drinking water,neutral
many animals tails,neutral
pen used writing,neutral
shadows form light blocked,neutral
candle provides light burned,neutral
helicopters take land vertically,neutral
chess game requires strategic thinking,neutral
life jacket helps person float water,neutral
people prefer window seats airplanes,neutral
fan helps cool room,neutral
zipper used fasten clothes bags,neutral
compass used direction,neutral
calendar helps track important dates,neutral
statue liberty wellknown landmark,neutral
many flowers bloom spring,neutral
kettle used boil water,neutral
fossils provide evidence prehistoric life,neutral
earths gravity keeps everything grounded,neutral
ferry transports people vehicles across water,neutral
globe represents earth,neutral
different animals different diets,neutral
screwdriver used tighten screws,neutral
water waves move due wind,neutral
parachute slows persons fall,neutral
blackboard used classrooms,neutral
harmonica musical instrument,neutral
lifeguard watches swimmers pool,neutral
volcano erupt release lava,neutral
cactus store water long periods,neutral
jigsaw puzzle consists many pieces,neutral
beehive home many bees,neutral
doorknob used open doors,neutral
snail moves slowly,neutral
bowling alley several lanes,neutral
penguin flightless bird,neutral
city many historical sites,neutral
mathematics fundamental subject,neutral
week seven days,neutral
traffic steady way home,neutral
apples oranges fruits,neutral
movie started 7 pm,neutral
many websites offer online courses,neutral
bus follows regular schedule,neutral
various methods solve problem,neutral
laptop commonly used work study,neutral
clouds white gray depending weather conditions,neutral
bus arrives regular intervals,neutral
thermostat helps control room temperature,neutral
rainwater helps plants grow,neutral
different birds different calls,neutral
newspaper contains current events articles,neutral
watches display time date,neutral
traffic light changes red green,neutral
playground provides space children play,neutral
escalator moves people floors automatically,neutral
digital clock displays time numerically,neutral
streetlight illuminates roads night,neutral
fruits grow trees plants,neutral
bookshelf holds variety books,neutral
many people prefer wear comfortable shoes,neutral
whiteboard used classrooms offices,neutral
telephone allows people communicate distances,neutral
grocery store sells fresh vegetables,neutral
ruler used measure length,neutral
elevators carry multiple passengers,neutral
insects active night,neutral
raincoat worn stay dry wet weather,neutral
roads pedestrian crossings,neutral
speaker produces sound audio device,neutral
curtain block sunlight entering room,neutral
refrigerators keep food drinks cold,neutral
books contain illustrations along text,neutral
airplanes transport people cargo across long distances,neutral
backpack useful carrying items,neutral
ice melts exposed heat,neutral
leaves change color autumn,neutral
parking lot provides space vehicles,neutral
window lets light air,neutral
calculator useful solving math problems,neutral
batteries store electrical energy later use,neutral
vacuum cleaner helps remove dust floors,neutral
lock key used security,neutral
tree provides shade sunny days,neutral
many animals live wild,neutral
wristwatch worn wrist check time,neutral
public transport includes buses trains trams,neutral
aquarium contains water fish,neutral
compass helps navigation,neutral
moon reflects light sun,neutral
lakes formed glaciers,neutral
stapler used bind papers together,neutral
many houses front yard,neutral
clock tower famous landmark,neutral
jacket provides warmth cold weather,neutral
doorknob turned open doors,neutral
eraser used remove pencil marks,neutral
bookshelves keep books organized,neutral
shoreline meets ocean,neutral
ticket required public transportation,neutral
different birds different nesting habits,neutral
shoelaces help secure shoes feet,neutral
people enjoy watching sunrises,neutral
coin two sides heads tails,neutral
plants grow better certain climates,neutral
fire alarm alerts people danger,neutral
different fabrics used make clothes,neutral
notebook useful jotting notes,neutral
houses different architectural styles,neutral
bridges made steel,neutral
umbrella protects rain sun,neutral
horizon visible open landscapes,neutral
mirror reflects objects placed front,neutral
doormat helps keep dirt entering home,neutral
flag represents country organization,neutral
water bottle used carrying liquids,neutral
sun provides warmth light,neutral
sound waves relaxing,neutral
chair provides place sit,neutral
telescope allows people observe distant objects,neutral
keys used lock unlock doors,neutral
recycling bin used waste separation,neutral
music player plays different songs,neutral
traffic moves according road rules,neutral
firstaid kit contains medical supplies,neutral
faucet controls flow water,neutral
hotel provides accommodation travelers,neutral
calendar helps plan events,neutral
people prefer tea coffee,neutral
train moves along railway tracks,neutral
filing cabinet used store documents,neutral
lighthouses guide ships night,neutral
park place relaxation,neutral
fruits seeds inside,neutral
bicycles two wheels pedals,neutral
postcard used send messages,neutral
shopping list helps organize grocery purchases,neutral
sky sometimes covered clouds,neutral
sleeping bag used camping,neutral
furniture made wood,neutral
electric fan helps keep room cool,neutral
road map provides directions,neutral
ladders help people reach higher places,neutral
straw used drink beverages,neutral
recipe provides steps cooking food,neutral
trees shed leaves autumn,neutral
windscreens protect wind debris,neutral
clock displays time,neutral
flowerpot holds soil plants,neutral
whistle used produce sharp sound,neutral
nightlight provides soft illumination,neutral
delivery truck transports goods,neutral
library card used borrow books,neutral
pavements used pedestrians,neutral
mirror often placed bathrooms,neutral
paperclip holds sheets paper together,neutral
fuel station provides petrol diesel,neutral
oven used baking cooking,neutral
rivers flow ocean,neutral
comb used arrange hair,neutral
bank provides financial services,neutral
cinema shows movies,neutral
pair gloves keeps hands warm,neutral
buildings automatic doors,neutral
salt shaker holds salt,neutral
ruler tool measurement,neutral
public transport includes buses trains,neutral
doorknocker used announce visitors,neutral
barometer measures air pressure,neutral
railway connects different locations,neutral
library contains books study materials,neutral
many houses backyard,neutral
street lamps provide light night,neutral
belt used hold pants place,neutral
stadium hosts sports events,neutral
factory produces goods,neutral
hospital provides medical care,neutral
ship travels across sea,neutral
swimming pool contains water swimming,neutral
thermometer used check temperature,neutral
road sign gives traffic instructions,neutral
sponge absorbs water,neutral
insects wings,neutral
fountain sprays water air,neutral
sidewalk walking,neutral
garden used growing plants,neutral
waterfall natural water feature,neutral
towel used dry things,neutral
envelope holds letters,neutral
jigsaw puzzle consists many pieces,neutral
hammer used driving nails,neutral
megaphone amplifies sound,neutral
measuring cup used ingredients,neutral
napkin used wipe hands face,neutral
poster displays information images,neutral
skateboard four wheels,neutral
staircase connects different floors,neutral
suitcase used carrying clothes,neutral
swimming pool filled water,neutral
television broadcasts programs,neutral
vending machine dispenses snacks,neutral
interview devon alexander speed kills video tuesday oct 16th privilege catch,neutral
gon na watch final destination 5 tonight always leave theater afraid everything huge escalators sure,neutral
harpers worst offense refugees may climate record rising temperatures add chaos middle east,neutral
london ap prince george celebrates second birthday wednesday hes toddler hes al,neutral
user trunk show pipa bella eksms nov 1st escobar complimentary cocktail workshop designer jewelryrsvp us,neutral
bagrangi new picof salman khan famous pak cenemas 1st day eid picmade 15 milion rs lolywoodbolywood,neutral
user want milan tomorrow,neutral
hey david bowie u want get iph0ne 6 free u better check bi0 thx,neutral
george harrisons review sun right,neutral
chelsea clinton asked kanye wests run president answer may surprise via user never,neutral
bowling tomorrow c donu2019t want things awkard lol,neutral
murray anderson 3 hour 16 minute match going 4th set,neutral
people remember ever knew rookie season tom brady pats pecking order quarterbacks team 4th 4th,neutral
todays pod user talks user deal w patriots amp gives thoughts nfl amp cfb thurs night,neutral
holly holm forgiven dana white fertittas pictured right,neutral
free week august 3 figure four weekly detailed look gawker thinks fbi covered hulk hogan wwe,neutral
brooklyn nets vs new york knicks rescheduled november 26u002c nationally televised tnt tipoff scheduled 7 pm,neutral
user think david wright starting lineup monday thinking road tripping philly,neutral
hillary urges help syrian refugees ltpgthillary clinton called united nations wednesday press cou,neutral
im work 145 hours tomorrow lmao someone make go bed stop reading articles nicki,neutral
15th seed user defeats 20th seed thiem hes 4th round user play bellucci murray usopen,neutral
gucci gob ego ideal mystery may bare twosided nose way composition wellinclined kindled r,neutral
user sportshalloweencostume tony romo sundayu2019s game giants,neutral
user go different place brunch every saturday started tradition ihop,neutral
charlie hebdo parisian tomorrow may identify others must intimidated,neutral
user 2nd time ufc beat rousey 3rd time beat rousey rematch said shes done 135,neutral
digne falque caused juventus real problems left 1st half asroma juventus,neutral
nooooooooo seen fa cup 3rd round day go skiing peak,neutral
know battle 5 armiess script written 1st much post daysare sure none inspired sharknado,neutral
rumour user joining fcc 22nd august fines night dress hulk hogan user user,neutral
peru wants 1d world tour lets go trending trending trending till see sun,neutral
george zimmerman made first appearance public friday wife shellie hiding,neutral
correction carson say christians deserve 1st amendment protections religions say clear mud,neutral
dont forget go cvs tomorrow get viagara know need encouragement getdreams visions boo,neutral
ucla study shows one biggest obamacare fears may come pass california healthline,neutral
user iu2019m going britain irelandu2019s next top mode jls performing monday thatu2019s day supposed,neutral
serena venus williams face us open 27th time sisters played 14 yea,neutral
hulk hogan apologises racist comment terry bollea good morning america monday tal,neutral
user 26 sats first december,neutral
bwahahaha whats going march monsanto lately claim know research yet,neutral
name story season alien world 5th doctor tegan turlough tardis splits tractators name,neutral
im already going see paper towns tomorrow someone take date see southpaw time,neutral
jay cutler good 4th qtr others good questionu002c espn could worseu002c though could tony romo,neutral
wait videos come see duels official live tomorrow may vodka person ha,neutral
im ready 5th album wasnt even able handle niall louis liams tweets yesterday rumors,neutral
monsanto wants merge syngenta change name wash away bad reputation 3rd disliked company,neutral
overlooked sandyu002c summery midupper 70s sunshine today cny record high 79 set buffalo warmth friday,neutral
looks like nokia may positioning strong return mobile hardware market following license withhttpstcok2q1ukd0et,neutral
im going chase bryant us bank arena cincinnati oh oct 9,neutral
think briana fulltime housewife may best thing show would good way girls let vicki back,neutral
user extend first one bit lenny kravitzs 1st cousin onceremoved al roker today show,neutral
randy orton first 3rd generation superstar natalya first 3rd generation diva going 4th generation,neutral
tolonews tolonews 08 october 2012 top news bulletin international committee afghanistan,neutral
john kasich may terribly polished hes coming across comfortable real jeb bush gopdebate,neutral
least dustin johnson didnt wait til final round implode guess didnt get memo sunday actually 3rd round,neutral
spend last 30 min rapping fav kendrick lamar songs 5 page paper due tomorrow,neutral
went event hosted user sang lay sam smith wrong minus one played,neutral
3 days halloween starts tomorrow day 1 david bowieu002c day 2 poker faceu002c day 3 skeleton holla,neutral
sorry lack minecraft computer broke cant play pc may try record xbox 360 minecraft till get new one,neutral
mention going blue jays game friday going blue jays game friday david price pitching,neutral
reality tv star kim kardashian rapper husband kanye west announced saturday birth second child baby boy hes,neutral
listening weeknd radio telling mom want see december says zayn guy right,neutral
selenas new album november 24th two new songs,neutral
ill upload rest videos metlife tomorrow im dead,neutral
loanwatch ben amos hull city extra time 11u002c 1st round league cup,neutral
david bowie way casual friday studio,neutral
ice cube wrote nwas lyrics screenplay friday,neutral
user unionjfollowme maths day tomorrow mon maths gcse tue another maths gcse friday 3hr english exam,neutral
angela merkel urges brazil protect amazon rainforest brazil germany threw weight thursday behind push global,neutral
user paterno wouldnt charged hearsay job minimal may reported rest speculation,neutral
sunday rock show first broadcast ayr hospital radio new iron maiden single 5pm live,neutral
anyone going siberia hod show saturday,neutral
bengaluru nov 25 ani congress vicepresident rahul gandhi wednesday continued tirade,neutral
upper room young adult ministry meeting sunday 6pm ottos hang 20 young adults,neutral
friends think im referring talk bad blood u know happened sunday u,neutral
jacksonville really sound like move tomorrow,neutral
mrs jennings received window deceitfulhad assure tomorrow give obamas,neutral
user sim active may know response getting kindly insert sim nokia phone preferably,neutral
guys im seriously stonehill right unranked beating 3 newhaven 4th quarter cbs college sports,neutral
wonder whether itd good idea sis went movies tomorrow see paper towns,neutral
user need get dwight howard jersey wear game tomorrow lakers,neutral
super clubhouse 899 curtis restaurant tuesday add soup buck,neutral
chuck norris cut left nut donated science may know jupiter,neutral
user user thor mcus 4th movie wonder woman hits theatres,neutral
user please please would consider singing etta james wedding may chose song coz 3,neutral
even youu2019ve bought 6th investment home harry styles sakina calls niall u2019sayangu2019 u2019abangu2019 cause kahwined omf,neutral
user big brother coming back us v uk 20th anniversary bluroasis battle blur country house,neutral
34state islamic military bloc terrorism announced riyadh saudi arabia tuesday announced form,neutral
20th anniversary ps4 still coolest special edition console ever,neutral
jordan farmar may contain nuts got laid last night bc,neutral
itu2019s true vitali klitschko retired arreola amp stiverne ranked 1st cont,neutral
beltran padding 2nd half season numbers actually everyone red sox pitching staff today nyyvsbos,neutral
sunnybank come along free fertility information morning sunnybank brisbane saturday 13th 9am register,neutral
user thank sir jonathan another note curtis tomorrow bryce quandel,neutral
user 3rd party logic dictates makes much sense nintendo platform involved simply worth,neutral
watching fashion king hmm moon embraces sunito nmn ang pagkakaabalahan ko hooked n ako agad sa 1st episode,neutral
fanwars kpop fandoms always happen kahit anong pigil natin pero end pag may outsider na nagbash satin sino yung,neutral
tomorrow field gets set daytona500 duels start 2pm speed starts 10am nationwide practice espn2 trucks noon,neutral
user whens birthday mines end month 29th order janet jackson tickets last night,neutral
user user wouldnt surprised kane sting possibly tomorrow,neutral
bayern lost 12 bayer leverkusen sunday remain top table allowed slip one,neutral
user know hotel stay shawn mendes september 12th madrid spain plss dm know,neutral
rt user guelph nuit blanche tonight 130am bookshelf cinema parking lot cfrus silent dance party,neutral
selling jason aldean ticket need get rid friday leaving vacation,neutral
still remember like 3 years ago zayn told harry leaving band february 30th joking said harry cried,neutral
v sad bc bunch people meeting shawn san diego im laying couch watching day tomorrow spanish,neutral
user considering tfr spurs would rioting last night put,neutral
dont forget sign dc walk end hiv taking place next saturday 800 1100 register,neutral
preference either way,neutral
seems fine,neutral
neither,neutral
dont mind,neutral
somewhat okay,neutral
cant say love hate,neutral
alright suppose,neutral
dont much say,neutral
another thing,neutral
dont feel strongly,neutral
doesnt really stand,neutral
neither exciting boring,neutral
guess okay,neutral
best worst,neutral
exists thats,neutral
mixed feelings,neutral
suppose fine,neutral
could better bad,neutral
nothing impressive,neutral
dont feel one way another,neutral
standard thing,neutral
neither like dislike,neutral
neutral eyes,neutral
doesnt provoke much reaction,neutral
dont opinion,neutral
take leave,neutral
thing,neutral
acceptable,neutral
real thoughts,neutral
particularly interesting,neutral
okay,neutral
worth getting excited,neutral
sure think,neutral
neither amazing terrible,neutral
wouldnt describe good bad,neutral
ordinary experience,neutral
guess another option,neutral
bad great either,neutral
average,neutral
neither exciting disappointing,neutral
typical experience,neutral
theres much say,neutral
one things,neutral
neither better worse expected,neutral
wouldnt say stands,neutral
nothing,neutral
neither outstanding disappointing,neutral
another choice,neutral
dont really care much,neutral
dont feel one way,neutral
somewhat underwhelming bad,neutral
perfectly neutral,neutral
middleground experience,neutral
exactly expected,neutral
doesnt move much,neutral
guess serviceable,neutral
serves purpose,neutral
neither fun boring,neutral
something think much,neutral
wouldnt say remarkable,neutral
another experience,neutral
guess,neutral
dont know say,neutral
neither thrilling dull,neutral
could go either way,neutral
real excitement,neutral
doesnt seem particularly special,neutral
offensive great either,neutral
